group_id,dmi,inflation,slack
Q1,12.07962051735674,3.979620517356741,8.1
Q2,12.224097307411522,4.124097307411523,8.1
Q3,12.363655970678014,4.263655970678015,8.1
Q4,12.422421268243891,4.322421268243892,8.1
Q5,12.431538722139871,4.331538722139872,8.1
