group_id,dmi,inflation,slack
Q1,7.618738948106381,3.4187389481063812,4.2
Q2,7.718077823316301,3.5180778233163013,4.2
Q3,7.793742264030375,3.593742264030375,4.2
Q4,7.83664036203053,3.63664036203053,4.2
Q5,7.821114334337539,3.6211143343375385,4.2
