group_id,dmi,inflation,slack
Q1,8.27962051735674,3.979620517356741,4.3
Q2,8.424097307411522,4.124097307411523,4.3
Q3,8.563655970678015,4.263655970678015,4.3
Q4,8.622421268243892,4.322421268243892,4.3
Q5,8.631538722139872,4.331538722139872,4.3
