group_id,dmi,inflation,slack
Q1,11.866776821635565,3.6667768216355645,8.2
Q2,11.968948946689132,3.7689489466891324,8.2
Q3,12.047922001766157,3.8479220017661575,8.2
Q4,12.087267654664982,3.887267654664983,8.2
Q5,12.06218006966963,3.8621800696696296,8.2
