group_id,dmi,inflation,slack
Q1,11.318738948106382,3.4187389481063812,7.9
Q2,11.418077823316302,3.5180778233163013,7.9
Q3,11.493742264030375,3.593742264030375,7.9
Q4,11.53664036203053,3.63664036203053,7.9
Q5,11.52111433433754,3.6211143343375385,7.9
