group_id,dmi,inflation,slack
Q1,7.453033315938103,3.153033315938103,4.3
Q2,7.518253439275331,3.2182534392753315,4.3
Q3,7.548009867181056,3.2480098671810564,4.3
Q4,7.568528180256513,3.2685281802565136,4.3
Q5,7.531984536577204,3.2319845365772037,4.3
