group_id,dmi,inflation,slack
Q1,7.966776821635564,3.6667768216355645,4.3
Q2,8.068948946689133,3.7689489466891324,4.3
Q3,8.147922001766158,3.8479220017661575,4.3
Q4,8.187267654664982,3.887267654664983,4.3
Q5,8.16218006966963,3.8621800696696296,4.3
