group_id,dmi,inflation,slack
Q1,6.860113040349798,2.5601130403497985,4.3
Q2,6.814249580758609,2.5142495807586096,4.3
Q3,6.68309620289141,2.3830962028914104,4.3
Q4,6.649030491430137,2.3490304914301374,4.3
Q5,6.564329411910726,2.264329411910726,4.3
