group_id,dmi,inflation,slack
Q1,11.153033315938103,3.153033315938103,8.0
Q2,11.218253439275331,3.2182534392753315,8.0
Q3,11.248009867181057,3.2480098671810564,8.0
Q4,11.268528180256514,3.2685281802565136,8.0
Q5,11.231984536577205,3.2319845365772037,8.0
