group_id,dmi,inflation,slack
Q1,7.182520631286057,2.782520631286056,4.4
Q2,7.15442499576406,2.75442499576406,4.4
Q3,7.060246136848632,2.660246136848632,4.4
Q4,7.033687365172755,2.6336873651727544,4.4
Q5,6.966200778890826,2.566200778890826,4.4
