group_id,dmi,inflation,slack
Q1,7.009919860204779,2.609919860204779,4.4
Q2,6.971894237028017,2.5718942370280162,4.4
Q3,6.8540624815102555,2.454062481510255,4.4
Q4,6.827775066923599,2.4277750669235987,4.4
Q5,6.731927403009182,2.331927403009182,4.4
